{"cameraMode":{"drawMode":0,"name":"Shaded","section":"Shading Mode"},"sceneLighting":true,"audioPlay":false,"sceneViewState":{"showFog":true,"showMaterialUpdate":false,"showSkybox":true,"showFlares":true,"showImageEffects":true,"showParticleSystems":true},"in2DMode":false,"pivot":{"x":354.1645812988281,"y":-19.164255142211915,"z":528.9100341796875},"rotation":{"x":-0.1313190907239914,"y":0.3818131387233734,"z":-0.05489012226462364,"w":-0.9132456183433533},"size":83.13201904296875,"orthographic":false}