{"cameraMode":{"drawMode":0,"name":"Shaded","section":"Shading Mode"},"sceneLighting":true,"audioPlay":false,"sceneViewState":{"showFog":true,"showMaterialUpdate":false,"showSkybox":true,"showFlares":true,"showImageEffects":true,"showParticleSystems":true},"in2DMode":false,"pivot":{"x":413.53759765625,"y":14.828349113464356,"z":491.16607666015627},"rotation":{"x":-0.3523046672344208,"y":-0.03592831641435623,"z":0.013536350801587105,"w":-0.9350990653038025},"size":4.377023220062256,"orthographic":false}