{"cameraMode":{"drawMode":0,"name":"Shaded","section":"Shading Mode"},"sceneLighting":true,"audioPlay":false,"sceneViewState":{"showFog":true,"showMaterialUpdate":false,"showSkybox":true,"showFlares":true,"showImageEffects":true,"showParticleSystems":true},"in2DMode":false,"pivot":{"x":408.2928771972656,"y":-6.927724838256836,"z":506.3699035644531},"rotation":{"x":0.33166277408599856,"y":-0.5118699073791504,"z":0.22327210009098054,"w":0.760364294052124},"size":40.124210357666019,"orthographic":false}