{"cameraMode":{"drawMode":0,"name":"Shaded","section":"Shading Mode"},"sceneLighting":true,"audioPlay":false,"sceneViewState":{"showFog":true,"showMaterialUpdate":false,"showSkybox":true,"showFlares":true,"showImageEffects":true,"showParticleSystems":true},"in2DMode":false,"pivot":{"x":387.0606384277344,"y":-5.580671310424805,"z":524.385009765625},"rotation":{"x":-0.09208127111196518,"y":0.5208373665809631,"z":-0.05662871152162552,"w":-0.8468162417411804},"size":41.42633819580078,"orthographic":false}