{"cameraMode":{"drawMode":0,"name":"Shaded","section":"Shading Mode"},"sceneLighting":true,"audioPlay":false,"sceneViewState":{"showFog":true,"showMaterialUpdate":false,"showSkybox":true,"showFlares":true,"showImageEffects":true,"showParticleSystems":true},"in2DMode":false,"pivot":{"x":411.9581298828125,"y":-2.9257421493530275,"z":510.5677490234375},"rotation":{"x":0.26914045214653017,"y":0.24782828986644746,"z":-0.07188403606414795,"w":0.927891194820404},"size":16.744121551513673,"orthographic":false}