{"cameraMode":{"drawMode":0,"name":"Shaded","section":"Shading Mode"},"sceneLighting":true,"audioPlay":false,"sceneViewState":{"showFog":true,"showMaterialUpdate":false,"showSkybox":true,"showFlares":true,"showImageEffects":true,"showParticleSystems":true},"in2DMode":false,"pivot":{"x":427.0845031738281,"y":-33.50637435913086,"z":512.07177734375},"rotation":{"x":-0.2932884693145752,"y":-0.3088805675506592,"z":0.10075321793556214,"w":-0.8991268873214722},"size":71.62205505371094,"orthographic":false}