{"cameraMode":{"drawMode":0,"name":"Shaded","section":"Shading Mode"},"sceneLighting":true,"audioPlay":false,"sceneViewState":{"showFog":true,"showMaterialUpdate":false,"showSkybox":true,"showFlares":true,"showImageEffects":true,"showParticleSystems":true},"in2DMode":false,"pivot":{"x":405.4830322265625,"y":4.6494035720825199,"z":475.1061096191406},"rotation":{"x":-0.07117646187543869,"y":0.26080960035324099,"z":-0.01928534545004368,"w":-0.9625718593597412},"size":7.645289897918701,"orthographic":false}